"username","role"
"emandre0","employee"
"ngatchel1","employee"
"mcantillion2","employee"
"ehobbema3","employee"
"npetzold4","admin"
"vtrigg5","admin"
"ndowtry6","employee"
"jfrowen7","employee"
"jsuggett8","employee"
"abraxton9","admin"
"dcamollia","employee"
"lbeachb","admin"
"zrenggerc","admin"
"kguirardind","admin"
"khubbacke","admin"
"echattertonf","admin"
"hpavieg","employee"
"bferronierh","admin"
"dsappi","employee"
"mgowersj","employee"
"labdiek","employee"
"bdorotl","employee"
"hthallerm","admin"
"afairrien","employee"
"esedgwicko","admin"
"vespinozap","admin"
"vostq","employee"
"cpettingerr","admin"
"lcoltens","admin"
"dkahlert","admin"
"kkelcheru","admin"
"gboothroydv","admin"
"dtampinw","employee"
"acleavelandx","admin"
"bstubbey","employee"
"cgapperz","employee"
"sbeed10","admin"
"mgrishanin11","employee"
"tviner12","employee"
"scorhard13","admin"
"acino14","admin"
"gchallenor15","employee"
"ptilford16","admin"
"wscriver17","admin"
"jiacomettii18","admin"
"mmembry19","employee"
"rweldrick1a","admin"
"thasselby1b","admin"
"flooney1c","employee"
"igalbraeth1d","admin"
"darnall1e","employee"
"sdowell1f","admin"
"fgracey1g","admin"
"asalaman1h","employee"
"etreffrey1i","admin"
"shecks1j","admin"
"pcarruthers1k","employee"
"abalaisot1l","employee"
"lgovey1m","employee"
"canders1n","employee"
"tstarmont1o","employee"
"gcapun1p","employee"
"kyetton1q","admin"
"fmunt1r","employee"
"bchurm1s","employee"
"gmarrison1t","employee"
"abooij1u","admin"
"cilyunin1v","admin"
"rroder1w","admin"
"golunny1x","admin"
"istudman1y","admin"
"mciciari1z","admin"
"klindores20","employee"
"alamswood21","employee"
"sdurrell22","admin"
"mdorgan23","admin"
"ccrut24","employee"
"ubellamy25","employee"
"foby26","employee"
"cpointing27","admin"
"shedgecock28","admin"
"jcadalleder29","employee"
"wtoolan2a","employee"
"jpeattie2b","employee"
"rcasserly2c","admin"
"cbollard2d","admin"
"yslyford2e","admin"
"zwhiteford2f","admin"
"lgertz2g","admin"
"cbirtwhistle2h","employee"
"blarcombe2i","admin"
"wforde2j","employee"
"jperroni2k","admin"
"dcasey2l","admin"
"barstall2m","employee"
"ocapeling2n","admin"
"gmaffy2o","employee"
"lbenard2p","employee"
"mshirer2q","admin"
"ctabart2r","admin"